{"P106": {"precision": 1.0, "recall": 1.0, "f1-score": 1.0, "support": 44}, "P131": {"precision": 0.0, "recall": 0.0, "f1-score": 0.0, "support": 4}, "P1376": {"precision": 0.0, "recall": 0.0, "f1-score": 0.0, "support": 11}, "P17": {"precision": 0.6818181818181818, "recall": 1.0, "f1-score": 0.8108108108108109, "support": 30}, "P30": {"precision": 0.8888888888888888, "recall": 1.0, "f1-score": 0.9411764705882353, "support": 8}, "P361": {"precision": 0.0, "recall": 0.0, "f1-score": 0.0, "support": 1}, "accuracy": 0.8367346938775511, "macro avg": {"precision": 0.4284511784511784, "recall": 0.5, "f1-score": 0.458664546899841, "support": 98}, "weighted avg": {"precision": 0.7302618016903731, "recall": 0.8367346938775511, "f1-score": 0.7740177151941858, "support": 98}}