{"P106": {"precision": 0.8947368421052632, "recall": 0.9444444444444444, "f1-score": 0.918918918918919, "support": 18}, "P131": {"precision": 0.07692307692307693, "recall": 0.5, "f1-score": 0.13333333333333336, "support": 2}, "P1376": {"precision": 0.09090909090909091, "recall": 0.07692307692307693, "f1-score": 0.08333333333333334, "support": 13}, "P17": {"precision": 0.5, "recall": 0.23529411764705882, "f1-score": 0.31999999999999995, "support": 17}, "P2341": {"precision": 0.2, "recall": 0.14285714285714285, "f1-score": 0.16666666666666666, "support": 7}, "P30": {"precision": 1.0, "recall": 0.15789473684210525, "f1-score": 0.2727272727272727, "support": 19}, "P31": {"precision": 0.3870967741935484, "recall": 0.5714285714285714, "f1-score": 0.4615384615384615, "support": 21}, "P361": {"precision": 0.0, "recall": 0.0, "f1-score": 0.0, "support": 3}, "accuracy": 0.39, "macro avg": {"precision": 0.3937082230163724, "recall": 0.3286052612678, "f1-score": 0.2945647483147483, "support": 100}, "weighted avg": {"precision": 0.5446995975162359, "recall": 0.39, "f1-score": 0.39371333081333076, "support": 100}}