{"P131": {"precision": 0.2, "recall": 0.16666666666666666, "f1-score": 0.1818181818181818, "support": 12}, "P1376": {"precision": 0.0, "recall": 0.0, "f1-score": 0.0, "support": 12}, "P17": {"precision": 0.5454545454545454, "recall": 0.2926829268292683, "f1-score": 0.3809523809523809, "support": 41}, "P30": {"precision": 0.5714285714285714, "recall": 0.23529411764705882, "f1-score": 0.3333333333333333, "support": 17}, "P36": {"precision": 0.5, "recall": 1.0, "f1-score": 0.6666666666666666, "support": 7}, "P361": {"precision": 0.0, "recall": 0.0, "f1-score": 0.0, "support": 1}, "P39": {"precision": 0.5277777777777778, "recall": 1.0, "f1-score": 0.6909090909090909, "support": 19}, "accuracy": 0.4036697247706422, "macro avg": {"precision": 0.3349515563801278, "recall": 0.3849491015918562, "f1-score": 0.3219542362399505, "support": 109}, "weighted avg": {"precision": 0.44041926473119136, "recall": 0.4036697247706422, "f1-score": 0.37854561340799864, "support": 109}}