{"P106": {"precision": 0.9230769230769231, "recall": 0.8275862068965517, "f1-score": 0.8727272727272727, "support": 29}, "P131": {"precision": 0.0, "recall": 0.0, "f1-score": 0.0, "support": 11}, "P1376": {"precision": 0.4, "recall": 0.125, "f1-score": 0.19047619047619047, "support": 16}, "P17": {"precision": 0.0, "recall": 0.0, "f1-score": 0.0, "support": 10}, "P30": {"precision": 0.9333333333333333, "recall": 0.7368421052631579, "f1-score": 0.8235294117647058, "support": 19}, "P39": {"precision": 0.4444444444444444, "recall": 0.8888888888888888, "f1-score": 0.5925925925925926, "support": 9}, "P495": {"precision": 0.08333333333333333, "recall": 0.3333333333333333, "f1-score": 0.13333333333333333, "support": 3}, "accuracy": 0.5051546391752577, "macro avg": {"precision": 0.39774114774114777, "recall": 0.415950076340276, "f1-score": 0.3732369715562993, "support": 97}, "weighted avg": {"precision": 0.5685831350779805, "recall": 0.5051546391752577, "f1-score": 0.5127536300368319, "support": 97}}