{"P106": {"precision": 1.0, "recall": 1.0, "f1-score": 1.0, "support": 44}, "P131": {"precision": 0.0, "recall": 0.0, "f1-score": 0.0, "support": 4}, "P1376": {"precision": 0.0, "recall": 0.0, "f1-score": 0.0, "support": 10}, "P17": {"precision": 0.6976744186046512, "recall": 1.0, "f1-score": 0.8219178082191781, "support": 30}, "P30": {"precision": 0.8888888888888888, "recall": 1.0, "f1-score": 0.9411764705882353, "support": 8}, "P361": {"precision": 0.0, "recall": 0.0, "f1-score": 0.0, "support": 1}, "accuracy": 0.845360824742268, "macro avg": {"precision": 0.43109388458225667, "recall": 0.5, "f1-score": 0.4605157131345689, "support": 97}, "weighted avg": {"precision": 0.74269426463145, "recall": 0.845360824742268, "f1-score": 0.7854324331059921, "support": 97}}