{"P106": {"precision": 1.0, "recall": 0.36363636363636365, "f1-score": 0.5333333333333333, "support": 11}, "P131": {"precision": 0.0, "recall": 0.0, "f1-score": 0.0, "support": 17}, "P1376": {"precision": 0.0, "recall": 0.0, "f1-score": 0.0, "support": 15}, "P17": {"precision": 0.3333333333333333, "recall": 0.5, "f1-score": 0.4, "support": 2}, "P2341": {"precision": 0.0, "recall": 0.0, "f1-score": 0.0, "support": 1}, "P2936": {"precision": 0.0, "recall": 0.0, "f1-score": 0.0, "support": 3}, "P30": {"precision": 1.0, "recall": 0.3333333333333333, "f1-score": 0.5, "support": 24}, "P31": {"precision": 0.41379310344827586, "recall": 1.0, "f1-score": 0.5853658536585366, "support": 12}, "P36": {"precision": 0.0, "recall": 0.0, "f1-score": 0.0, "support": 1}, "P37": {"precision": 0.1111111111111111, "recall": 0.3333333333333333, "f1-score": 0.16666666666666666, "support": 3}, "P39": {"precision": 0.2857142857142857, "recall": 1.0, "f1-score": 0.4444444444444445, "support": 4}, "P495": {"precision": 0.0, "recall": 0.0, "f1-score": 0.0, "support": 4}, "accuracy": 0.30927835051546393, "macro avg": {"precision": 0.2619959861339171, "recall": 0.29419191919191917, "f1-score": 0.2191508581752484, "support": 97}, "weighted avg": {"precision": 0.43410695241480884, "recall": 0.30927835051546393, "f1-score": 0.28833850194172045, "support": 97}}