{"P106": {"precision": 0.8888888888888888, "recall": 0.9411764705882353, "f1-score": 0.9142857142857143, "support": 17}, "P131": {"precision": 0.07692307692307693, "recall": 0.5, "f1-score": 0.13333333333333336, "support": 2}, "P1376": {"precision": 0.09090909090909091, "recall": 0.07692307692307693, "f1-score": 0.08333333333333334, "support": 13}, "P17": {"precision": 0.5, "recall": 0.23529411764705882, "f1-score": 0.31999999999999995, "support": 17}, "P2341": {"precision": 0.2, "recall": 0.14285714285714285, "f1-score": 0.16666666666666666, "support": 7}, "P30": {"precision": 1.0, "recall": 0.17647058823529413, "f1-score": 0.3, "support": 17}, "P31": {"precision": 0.41379310344827586, "recall": 0.5714285714285714, "f1-score": 0.48000000000000004, "support": 21}, "P361": {"precision": 0.0, "recall": 0.0, "f1-score": 0.0, "support": 3}, "accuracy": 0.3917525773195876, "macro avg": {"precision": 0.3963142700211666, "recall": 0.3305187459599224, "f1-score": 0.299702380952381, "support": 97}, "weighted avg": {"precision": 0.5364580476205076, "recall": 0.3917525773195876, "f1-score": 0.3987579774177712, "support": 97}}