{"P131": {"precision": 0.2222222222222222, "recall": 0.16666666666666666, "f1-score": 0.1904761904761905, "support": 12}, "P1376": {"precision": 0.0, "recall": 0.0, "f1-score": 0.0, "support": 11}, "P17": {"precision": 0.5238095238095238, "recall": 0.3235294117647059, "f1-score": 0.39999999999999997, "support": 34}, "P30": {"precision": 0.5714285714285714, "recall": 0.25, "f1-score": 0.34782608695652173, "support": 16}, "P36": {"precision": 0.5, "recall": 1.0, "f1-score": 0.6666666666666666, "support": 7}, "P361": {"precision": 0.0, "recall": 0.0, "f1-score": 0.0, "support": 1}, "P39": {"precision": 0.5333333333333333, "recall": 1.0, "f1-score": 0.6956521739130436, "support": 16}, "accuracy": 0.41237113402061853, "macro avg": {"precision": 0.335827664399093, "recall": 0.3914565826330532, "f1-score": 0.3286601597160604, "support": 97}, "weighted avg": {"precision": 0.4294059891998036, "recall": 0.41237113402061853, "f1-score": 0.3840003415081855, "support": 97}}