{"P106": {"precision": 0.9230769230769231, "recall": 0.8, "f1-score": 0.8571428571428571, "support": 30}, "P131": {"precision": 0.0, "recall": 0.0, "f1-score": 0.0, "support": 11}, "P1376": {"precision": 0.4, "recall": 0.125, "f1-score": 0.19047619047619047, "support": 16}, "P17": {"precision": 0.0, "recall": 0.0, "f1-score": 0.0, "support": 10}, "P30": {"precision": 0.9333333333333333, "recall": 0.7368421052631579, "f1-score": 0.8235294117647058, "support": 19}, "P39": {"precision": 0.47368421052631576, "recall": 0.9, "f1-score": 0.6206896551724138, "support": 10}, "P495": {"precision": 0.08333333333333333, "recall": 0.3333333333333333, "f1-score": 0.13333333333333333, "support": 3}, "accuracy": 0.5050505050505051, "macro avg": {"precision": 0.4019182571814151, "recall": 0.4135964912280702, "f1-score": 0.3750244925556429, "support": 99}, "weighted avg": {"precision": 0.5738634659687292, "recall": 0.5050505050505051, "f1-score": 0.5153117185571546, "support": 99}}